{"cameraMode":{"drawMode":0,"name":"Shaded","section":"Shading Mode"},"sceneLighting":true,"audioPlay":false,"sceneViewState":{"m_AlwaysRefresh":false,"showFog":true,"showSkybox":true,"showFlares":true,"showImageEffects":true,"showParticleSystems":true,"showVisualEffectGraphs":true,"m_FxEnabled":true},"in2DMode":false,"pivot":{"x":-14.831832885742188,"y":-83.81757354736328,"z":208.15597534179688},"rotation":{"x":-0.18954746425151826,"y":0.03298087418079376,"z":-0.006371010094881058,"w":-0.9812967777252197},"size":122.9572982788086,"orthographic":false}