{"cameraMode":{"drawMode":0,"name":"Shaded","section":"Shading Mode"},"sceneLighting":true,"audioPlay":false,"sceneViewState":{"m_AlwaysRefresh":false,"showFog":true,"showSkybox":true,"showFlares":true,"showImageEffects":true,"showParticleSystems":true,"showVisualEffectGraphs":true,"m_FxEnabled":true},"in2DMode":false,"pivot":{"x":325.1419982910156,"y":239.68630981445313,"z":116.22598266601563},"rotation":{"x":0.016790073364973069,"y":-0.5083661079406738,"z":0.009914413094520569,"w":0.8609207272529602},"size":150.6315155029297,"orthographic":false}